<?xml version="1.0" standalone="yes"?>
<NewDataSet>
  <Aircraft>
    <AircraftID>1</AircraftID>
    <Registration>G-29572</Registration>
    <Manuf>Cessna</Manuf>
    <Model>C172</Model>
    <CanDoAeros>true</CanDoAeros>
    <CanDoIMC>true</CanDoIMC>
    <CanDoNight>true</CanDoNight>
    <CanDoMulti>false</CanDoMulti>
  </Aircraft>
  <Aircraft>
    <AircraftID>2</AircraftID>
    <Registration>G-10593</Registration>
    <Manuf>Cessna</Manuf>
    <Model>C152</Model>
    <CanDoAeros>true</CanDoAeros>
    <CanDoIMC>false</CanDoIMC>
    <CanDoNight>false</CanDoNight>
    <CanDoMulti>false</CanDoMulti>
  </Aircraft>
  <Aircraft>
    <AircraftID>3</AircraftID>
    <Registration>G-48201</Registration>
    <Manuf>Cessna</Manuf>
    <Model>C152</Model>
    <CanDoAeros>false</CanDoAeros>
    <CanDoIMC>false</CanDoIMC>
    <CanDoNight>false</CanDoNight>
    <CanDoMulti>false</CanDoMulti>
  </Aircraft>
</NewDataSet>